epoch,step,layer,head,abs_cosine,abs_projection,projection,energy,r2_total
100,4000,0,0,0.848597526550293,0.04733589432778016,0.04733589432778016,0.055781323462724686,0.931840846840812
100,4000,0,1,0.7740626335144043,0.04715817304980267,0.04715817304980267,0.06092293933033943,0.931840846840812
100,4000,0,2,0.8795231580734253,0.04011387926413836,0.04011387926413836,0.04560866579413414,0.931840846840812
100,4000,0,3,0.9215143918991089,0.054816725493152696,0.054816725493152696,0.059485483914613724,0.931840846840812
100,4000,0,4,0.8687039613723755,0.08510704750060076,0.08510704750060076,0.0979701355099678,0.931840846840812
100,4000,0,5,0.8046258091926575,0.055931016976839464,0.055931016976839464,0.06951183825731277,0.931840846840812
100,4000,1,0,0.6664151549339294,0.0486770187303043,0.0486770187303043,0.0730430856347084,0.931840846840812
100,4000,1,1,0.9321843981742859,0.058300379702559954,-0.058300379702559954,0.06254168599843979,0.931840846840812
100,4000,1,2,0.6293529868125916,0.029956690839776125,-0.029956690839776125,0.0475991852581501,0.931840846840812
100,4000,1,3,0.8223264813423157,0.02565466148670418,-0.02565466148670418,0.03119765967130661,0.931840846840812
100,4000,1,4,0.5588796138763428,0.01927731066955071,0.01927731066955071,0.03449278324842453,0.931840846840812
100,4000,1,5,0.5830976366996765,0.03347903870305333,-0.03347903870305333,0.05741582810878754,0.931840846840812
100,4000,2,0,0.8369330763816833,0.06553075437573201,0.06553075437573201,0.07829868793487549,0.931840846840812
100,4000,2,1,0.7460421323776245,0.06963340867824325,-0.06963340867824325,0.09333710372447968,0.931840846840812
100,4000,2,2,0.8827693462371826,0.13435095956369925,-0.13435095956369925,0.1521926075220108,0.931840846840812
100,4000,2,3,0.779785692691803,0.06896576232423537,-0.06896576232423537,0.08844193816184998,0.931840846840812
100,4000,2,4,0.802640974521637,0.06664250642749253,-0.06664250642749253,0.08302902430295944,0.931840846840812
100,4000,2,5,0.7960342168807983,0.1132277502884627,0.1132277502884627,0.1422397941350937,0.931840846840812
100,4000,3,0,0.7528749704360962,0.02581538018836527,0.02581538018836527,0.03428906574845314,0.931840846840812
100,4000,3,1,0.8201475739479065,0.03599229955824838,0.03599229955824838,0.04388514906167984,0.931840846840812
100,4000,3,2,0.7876186966896057,0.022915773072413246,-0.022915773072413246,0.029095008969306946,0.931840846840812
100,4000,3,3,0.8197131752967834,0.030691331259937796,0.030691331259937796,0.037441547960042953,0.931840846840812
100,4000,3,4,0.5958786010742188,0.05939712058324686,0.05939712058324686,0.09967988729476929,0.931840846840812
100,4000,3,5,0.6252627968788147,0.022877986267534445,-0.022877986267534445,0.03658939525485039,0.931840846840812
100,4000,4,0,0.7693142294883728,0.046507070188249656,-0.046507070188249656,0.06045263260602951,0.931840846840812
100,4000,4,1,0.8006047606468201,0.06709540669209901,0.06709540669209901,0.08380591124296188,0.931840846840812
100,4000,4,2,0.8528742790222168,0.0202506007206743,0.0202506007206743,0.023743946105241776,0.931840846840812
100,4000,4,3,0.7695164680480957,0.048161082463269,0.048161082463269,0.06258616596460342,0.931840846840812
100,4000,4,4,0.729512095451355,0.06480407899616235,-0.06480407899616235,0.08883208781480789,0.931840846840812
100,4000,4,5,0.798283040523529,0.03780473484170029,-0.03780473484170029,0.04735755920410156,0.931840846840812
100,4000,5,0,0.7529525756835938,0.02214892279724184,-0.02214892279724184,0.029416093602776527,0.931840846840812
100,4000,5,1,0.8487695455551147,0.04940513595863893,-0.04940513595863893,0.05820795148611069,0.931840846840812
100,4000,5,2,0.6399827599525452,0.025478310595404553,0.025478310595404553,0.03981092944741249,0.931840846840812
100,4000,5,3,0.538183867931366,0.019226130284370663,-0.019226130284370663,0.03572408854961395,0.931840846840812
100,4000,5,4,0.7271532416343689,0.023709578678596174,-0.023709578678596174,0.03260602802038193,0.931840846840812
100,4000,5,5,0.892211377620697,0.05138255893100397,0.05138255893100397,0.05759011581540108,0.931840846840812
250,10000,0,0,0.7776943445205688,0.0892202693365688,0.0892202693365688,0.11472409963607788,0.9713739618701669
250,10000,0,1,0.8010514974594116,0.069334886037716,-0.069334886037716,0.08655484765768051,0.9713739618701669
250,10000,0,2,0.8729087114334106,0.10159770554585375,-0.10159770554585375,0.11638983339071274,0.9713739618701669
250,10000,0,3,0.8895962238311768,0.06999242693663589,-0.06999242693663589,0.07867887616157532,0.9713739618701669
250,10000,0,4,0.8478866219520569,0.04807169834545564,0.04807169834545564,0.056695908308029175,0.9713739618701669
250,10000,0,5,0.7526940107345581,0.12631513008310316,-0.12631513008310316,0.1678173691034317,0.9713739618701669
250,10000,1,0,0.6294519305229187,0.08956098636911768,-0.08956098636911768,0.1422840654850006,0.9713739618701669
250,10000,1,1,0.8257557153701782,0.06293552049999226,-0.06293552049999226,0.07621566206216812,0.9713739618701669
250,10000,1,2,0.8667815923690796,0.12705387072831287,0.12705387072831287,0.14658118784427643,0.9713739618701669
250,10000,1,3,0.7463504076004028,0.1030714331148296,-0.1030714331148296,0.13810057938098907,0.9713739618701669
250,10000,1,4,0.8013679385185242,0.10191268295935114,0.10191268295935114,0.12717337906360626,0.9713739618701669
250,10000,1,5,0.6794028878211975,0.10733169167671053,0.10733169167671053,0.15797945857048035,0.9713739618701669
250,10000,2,0,0.7280381917953491,0.06981960587106861,0.06981960587106861,0.0959010198712349,0.9713739618701669
250,10000,2,1,0.7876592874526978,0.08621451064090528,0.08621451064090528,0.10945659130811691,0.9713739618701669
250,10000,2,2,0.8742334842681885,0.11508726534317949,-0.11508726534317949,0.1316436231136322,0.9713739618701669
250,10000,2,3,0.796035647392273,0.07294539372589097,0.07294539372589097,0.09163583815097809,0.9713739618701669
250,10000,2,4,0.6482025384902954,0.05966175903661433,-0.05966175903661433,0.09204184263944626,0.9713739618701669
250,10000,2,5,0.8422112464904785,0.13633268328379866,0.13633268328379866,0.1618746817111969,0.9713739618701669
250,10000,3,0,0.6907542943954468,0.051890115153351575,-0.051890115153351575,0.0751209482550621,0.9713739618701669
250,10000,3,1,0.8514508605003357,0.082673219901971,0.082673219901971,0.09709687530994415,0.9713739618701669
250,10000,3,2,0.635464072227478,0.059892224679255326,-0.059892224679255326,0.09424959123134613,0.9713739618701669
250,10000,3,3,0.7448246479034424,0.09265440716812337,0.09265440716812337,0.12439759075641632,0.9713739618701669
250,10000,3,4,0.7026148438453674,0.10868710409087534,-0.10868710409087534,0.15468944609165192,0.9713739618701669
250,10000,3,5,0.7806259393692017,0.05928732855963569,-0.05928732855963569,0.07594843953847885,0.9713739618701669
250,10000,4,0,0.5791885852813721,0.07062928731762044,-0.07062928731762044,0.12194523215293884,0.9713739618701669
250,10000,4,1,0.6778755187988281,0.05987239552416533,0.05987239552416533,0.08832358568906784,0.9713739618701669
250,10000,4,2,0.7897917628288269,0.12038505896149174,-0.12038505896149174,0.1524263173341751,0.9713739618701669
250,10000,4,3,0.8910394906997681,0.12589561247080203,0.12589561247080203,0.14129070937633514,0.9713739618701669
250,10000,4,4,0.7641894817352295,0.12411798083317344,-0.12411798083317344,0.16241781413555145,0.9713739618701669
250,10000,4,5,0.8426605463027954,0.10127795685535015,-0.10127795685535015,0.12018833309412003,0.9713739618701669
250,10000,5,0,0.6055402755737305,0.06685704871391258,-0.06685704871391258,0.11040891706943512,0.9713739618701669
250,10000,5,1,0.7847404479980469,0.09963662751394357,-0.09963662751394357,0.12696760892868042,0.9713739618701669
250,10000,5,2,0.6505252718925476,0.06489914976108781,0.06489914976108781,0.09976422041654587,0.9713739618701669
250,10000,5,3,0.7945294976234436,0.037948101886314076,-0.037948101886314076,0.04776173084974289,0.9713739618701669
250,10000,5,4,0.6607857942581177,0.09731486062522714,0.09731486062522714,0.14727140963077545,0.9713739618701669
250,10000,5,5,0.7015851736068726,0.04835781279010753,0.04835781279010753,0.06892649829387665,0.9713739618701669
500,20000,0,0,0.6939972639083862,0.09993563162357995,0.09993563162357995,0.14400002360343933,0.9487210993185917
500,20000,0,1,0.8778936862945557,0.5379838410411795,0.5379838410411795,0.6128120422363281,0.9487210993185917
500,20000,0,2,0.8349006175994873,0.4971463399370616,0.4971463399370616,0.5954557657241821,0.9487210993185917
500,20000,0,3,0.7733445167541504,0.4059963171850498,0.4059963171850498,0.5249876976013184,0.9487210993185917
500,20000,0,4,0.8078023791313171,0.21349698802856945,0.21349698802856945,0.2642935812473297,0.9487210993185917
500,20000,0,5,0.5872086882591248,0.3570019193076516,-0.3570019193076516,0.6079642176628113,0.9487210993185917
500,20000,1,0,0.5229350328445435,0.16238552203853882,0.16238552203853882,0.31052714586257935,0.9487210993185917
500,20000,1,1,0.8203015923500061,0.19129530350321933,0.19129530350321933,0.23320117592811584,0.9487210993185917
500,20000,1,2,0.7344921827316284,0.3880248255870773,0.3880248255870773,0.5282899737358093,0.9487210993185917
500,20000,1,3,0.7615309357643127,0.8129860879161834,-0.8129860879161834,1.0675681829452515,0.9487210993185917
500,20000,1,4,0.7591067552566528,0.37786824221745624,0.37786824221745624,0.49778008460998535,0.9487210993185917
500,20000,1,5,0.6994524002075195,0.09055554376993237,-0.09055554376993237,0.12946632504463196,0.9487210993185917
500,20000,2,0,0.6184722781181335,0.2204921248639023,0.2204921248639023,0.3565109074115753,0.9487210993185917
500,20000,2,1,0.7564079761505127,0.23244119736328997,-0.23244119736328997,0.3072960674762726,0.9487210993185917
500,20000,2,2,0.6726475954055786,0.13322327293851602,-0.13322327293851602,0.19805806875228882,0.9487210993185917
500,20000,2,3,0.7501868009567261,0.3819330258697852,-0.3819330258697852,0.5091172456741333,0.9487210993185917
500,20000,2,4,0.5535946488380432,0.11942625945686369,-0.11942625945686369,0.21572868525981903,0.9487210993185917
500,20000,2,5,0.7704048752784729,0.5927902501859426,-0.5927902501859426,0.7694528698921204,0.9487210993185917
500,20000,3,0,0.7779644727706909,0.26652914533795696,-0.26652914533795696,0.3425981104373932,0.9487210993185917
500,20000,3,1,0.7462188005447388,0.19052169283812123,0.19052169283812123,0.2553161084651947,0.9487210993185917
500,20000,3,2,0.5384256839752197,0.18953950036351688,-0.18953950036351688,0.3520253896713257,0.9487210993185917
500,20000,3,3,0.9302977323532104,0.4874762146708822,0.4874762146708822,0.5240002274513245,0.9487210993185917
500,20000,3,4,0.6490458250045776,0.46976498073346595,0.46976498073346595,0.7237778306007385,0.9487210993185917
500,20000,3,5,0.6411142349243164,0.14172074188850445,0.14172074188850445,0.221053808927536,0.9487210993185917
500,20000,4,0,0.7905400991439819,0.18434654364190153,0.18434654364190153,0.2331906408071518,0.9487210993185917
500,20000,4,1,0.7832590937614441,0.39086807148248803,0.39086807148248803,0.499027818441391,0.9487210993185917
500,20000,4,2,0.7504790425300598,0.46390217627425456,0.46390217627425456,0.6181414127349854,0.9487210993185917
500,20000,4,3,0.826843798160553,0.43127030702881053,0.43127030702881053,0.5215861797332764,0.9487210993185917
500,20000,4,4,0.6138060092926025,0.10024329284201892,0.10024329284201892,0.16331429779529572,0.9487210993185917
500,20000,4,5,0.8127582669258118,0.4294498619812969,0.4294498619812969,0.5283856987953186,0.9487210993185917
500,20000,5,0,0.7730413675308228,0.4472068690678221,-0.4472068690678221,0.5785031318664551,0.9487210993185917
500,20000,5,1,0.7076709866523743,0.2475897758558328,-0.2475897758558328,0.3498656451702118,0.9487210993185917
500,20000,5,2,0.774394690990448,0.18278543012612247,0.18278543012612247,0.2360365241765976,0.9487210993185917
500,20000,5,3,0.7767437696456909,0.2650810381515161,-0.2650810381515161,0.3412722051143646,0.9487210993185917
500,20000,5,4,0.6533195376396179,0.17909221291050692,0.17909221291050692,0.27412649989128113,0.9487210993185917
500,20000,5,5,0.6528459787368774,0.32985838120438865,-0.32985838120438865,0.5052621960639954,0.9487210993185917
600,24000,0,0,0.7985728979110718,0.19738996814713966,0.19738996814713966,0.24717837572097778,0.9366760103669965
600,24000,0,1,0.8669605255126953,0.7763723899873565,0.7763723899873565,0.8955107927322388,0.9366760103669965
600,24000,0,2,0.812941312789917,0.7649092719777884,0.7649092719777884,0.9409156441688538,0.9366760103669965
600,24000,0,3,0.7614631652832031,0.5055003050341422,0.5055003050341422,0.6638539433479309,0.9366760103669965
600,24000,0,4,0.7964449524879456,0.324052462536373,0.324052462536373,0.4068736433982849,0.9366760103669965
600,24000,0,5,0.5096936225891113,0.4582405075645033,-0.4582405075645033,0.8990510106086731,0.9366760103669965
600,24000,1,0,0.5333255529403687,0.24386929844188476,0.24386929844188476,0.4572615623474121,0.9366760103669965
600,24000,1,1,0.8565763235092163,0.2907254148735267,0.2907254148735267,0.33940401673316956,0.9366760103669965
600,24000,1,2,0.7517576813697815,0.5706040443706638,0.5706040443706638,0.7590265274047852,0.9366760103669965
600,24000,1,3,0.7771274447441101,1.2030953568615363,-1.2030953568615363,1.5481312274932861,0.9366760103669965
600,24000,1,4,0.748589038848877,0.6582517226255694,-0.6582517226255694,0.8793233036994934,0.9366760103669965
600,24000,1,5,0.8192805647850037,0.16038072145386115,-0.16038072145386115,0.19575801491737366,0.9366760103669965
600,24000,2,0,0.6517658829689026,0.3125753411322438,0.3125753411322438,0.4795822203159332,0.9366760103669965
600,24000,2,1,0.8186174035072327,0.39942871431615823,-0.39942871431615823,0.48793092370033264,0.9366760103669965
600,24000,2,2,0.644253134727478,0.17958048635074697,-0.17958048635074697,0.27874210476875305,0.9366760103669965
600,24000,2,3,0.7055534720420837,0.4973343950085482,-0.4973343950085482,0.7048854827880859,0.9366760103669965
600,24000,2,4,0.5859060883522034,0.19426880856746914,-0.19426880856746914,0.3315698802471161,0.9366760103669965
600,24000,2,5,0.7959178686141968,0.7708567742963144,-0.7708567742963144,0.9685130715370178,0.9366760103669965
600,24000,3,0,0.8144882917404175,0.3903082197953852,-0.3903082197953852,0.4792066216468811,0.9366760103669965
600,24000,3,1,0.7149908542633057,0.24889449241351191,0.24889449241351191,0.3481086492538452,0.9366760103669965
600,24000,3,2,0.6298746466636658,0.3148395988741765,0.3148395988741765,0.49984487891197205,0.9366760103669965
600,24000,3,3,0.9612187743186951,0.7124977885340683,0.7124977885340683,0.7412441372871399,0.9366760103669965
600,24000,3,4,0.6490374803543091,0.6627461165113905,0.6627461165113905,1.0211215019226074,0.9366760103669965
600,24000,3,5,0.583198070526123,0.18534341843300303,0.18534341843300303,0.3178052604198456,0.9366760103669965
600,24000,4,0,0.8588485717773438,0.2989647614834579,0.2989647614834579,0.3480995297431946,0.9366760103669965
600,24000,4,1,0.7729201316833496,0.4480051744170687,0.4480051744170687,0.579626739025116,0.9366760103669965
600,24000,4,2,0.695186197757721,0.5720998653769107,0.5720998653769107,0.8229447603225708,0.9366760103669965
600,24000,4,3,0.8110106587409973,0.34357840372793297,0.34357840372793297,0.4236423075199127,0.9366760103669965
600,24000,4,4,0.6097682118415833,0.1707627995169781,0.1707627995169781,0.28004539012908936,0.9366760103669965
600,24000,4,5,0.8239201903343201,0.6981217154741921,0.6981217154741921,0.8473172187805176,0.9366760103669965
600,24000,5,0,0.8042793273925781,0.68777993722437,-0.68777993722437,0.855150580406189,0.9366760103669965
600,24000,5,1,0.6587710976600647,0.3634301718631997,-0.3634301718631997,0.5516789555549622,0.9366760103669965
600,24000,5,2,0.8131985068321228,0.259676948550591,0.259676948550591,0.3193278908729553,0.9366760103669965
600,24000,5,3,0.8361749053001404,0.4489507093557725,-0.4489507093557725,0.5369100570678711,0.9366760103669965
600,24000,5,4,0.7226550579071045,0.27426306361472524,0.27426306361472524,0.3795214295387268,0.9366760103669965
600,24000,5,5,0.6960729956626892,0.48845386283523023,-0.48845386283523023,0.7017279267311096,0.9366760103669965
700,28000,0,0,0.7741490602493286,0.2554309892885654,-0.2554309892885654,0.3299506604671478,0.9230929623661158
700,28000,0,1,0.858335018157959,0.9643533596639176,0.9643533596639176,1.1235162019729614,0.9230929623661158
700,28000,0,2,0.8072423338890076,1.1536286201206072,1.1536286201206072,1.4290982484817505,0.9230929623661158
700,28000,0,3,0.7679820656776428,0.8361072046529915,0.8361072046529915,1.0887067317962646,0.9230929623661158
700,28000,0,4,0.7979289293289185,0.429004671697377,0.429004671697377,0.5376477241516113,0.9230929623661158
700,28000,0,5,0.4848482012748718,0.4957483201228429,0.4957483201228429,1.0224815607070923,0.9230929623661158
700,28000,1,0,0.6200631856918335,0.880730194461115,-0.880730194461115,1.420387864112854,0.9230929623661158
700,28000,1,1,0.8646978735923767,0.46709886069909234,0.46709886069909234,0.5401873588562012,0.9230929623661158
700,28000,1,2,0.728366494178772,1.52744019857088,1.52744019857088,2.097076416015625,0.9230929623661158
700,28000,1,3,0.7851084470748901,1.50755091650592,-1.50755091650592,1.9201816320419312,0.9230929623661158
700,28000,1,4,0.7824814319610596,1.140509908010593,-1.140509908010593,1.4575552940368652,0.9230929623661158
700,28000,1,5,0.8452656269073486,0.3836594233444947,-0.3836594233444947,0.45389214158058167,0.9230929623661158
700,28000,2,0,0.6914478540420532,0.48467933809758723,0.48467933809758723,0.7009629607200623,0.9230929623661158
700,28000,2,1,0.8375910520553589,0.7873115811792958,-0.7873115811792958,0.9399714469909668,0.9230929623661158
700,28000,2,2,0.7157644033432007,0.6025229123311037,0.6025229123311037,0.8417894244194031,0.9230929623661158
700,28000,2,3,0.7447836995124817,0.7051276004786301,-0.7051276004786301,0.9467548131942749,0.9230929623661158
700,28000,2,4,0.609866738319397,0.3084328696035727,-0.3084328696035727,0.5057380795478821,0.9230929623661158
700,28000,2,5,0.7776130437850952,0.7875174834150742,-0.7875174834150742,1.0127367973327637,0.9230929623661158
700,28000,3,0,0.7935689687728882,0.5050665712729657,-0.5050665712729657,0.6364494562149048,0.9230929623661158
700,28000,3,1,0.6960635185241699,0.319516253597854,0.319516253597854,0.45903322100639343,0.9230929623661158
700,28000,3,2,0.6288359761238098,0.5074590135226427,0.5074590135226427,0.8069815635681152,0.9230929623661158
700,28000,3,3,0.967930793762207,0.9535213617941368,0.9535213617941368,0.9851130843162537,0.9230929623661158
700,28000,3,4,0.6552101373672485,1.0056293554930937,1.0056293554930937,1.534819483757019,0.9230929623661158
700,28000,3,5,0.5385695099830627,0.26550586137123905,-0.26550586137123905,0.49298352003097534,0.9230929623661158
700,28000,4,0,0.9155124425888062,0.44825951588526214,0.44825951588526214,0.4896269142627716,0.9230929623661158
700,28000,4,1,0.719626784324646,0.4271548189763504,0.4271548189763504,0.5935783386230469,0.9230929623661158
700,28000,4,2,0.6428884267807007,0.6800945183334879,0.6800945183334879,1.0578733682632446,0.9230929623661158
700,28000,4,3,0.794904887676239,0.44254341103994677,0.44254341103994677,0.5567249655723572,0.9230929623661158
700,28000,4,4,0.6030308604240417,0.22119146982323254,0.22119146982323254,0.36679956316947937,0.9230929623661158
700,28000,4,5,0.8197070360183716,1.1154081290778632,1.1154081290778632,1.360740065574646,0.9230929623661158
700,28000,5,0,0.8210660219192505,0.9960799456188998,-0.9960799456188998,1.2131544351577759,0.9230929623661158
700,28000,5,1,0.6360464692115784,0.6099245951310618,0.6099245951310618,0.9589309096336365,0.9230929623661158
700,28000,5,2,0.828121542930603,0.3596852703011332,0.3596852703011332,0.4343387484550476,0.9230929623661158
700,28000,5,3,0.8452984690666199,0.6945433255449311,-0.6945433255449311,0.8216546177864075,0.9230929623661158
700,28000,5,4,0.7637567520141602,0.359532969318068,0.359532969318068,0.47074273228645325,0.9230929623661158
700,28000,5,5,0.7562848329544067,0.724681938869411,-0.724681938869411,0.9582129716873169,0.9230929623661158
750,30000,0,0,0.7594646215438843,0.6619444520984662,-0.6619444520984662,0.8715934753417969,0.9156824554393092
750,30000,0,1,0.85113126039505,1.0486612616337139,1.0486612616337139,1.2320793867111206,0.9156824554393092
750,30000,0,2,0.778571367263794,1.3998746820842785,1.3998746820842785,1.798004150390625,0.9156824554393092
750,30000,0,3,0.7711322903633118,1.0405249987701943,1.0405249987701943,1.3493471145629883,0.9156824554393092
750,30000,0,4,0.7963342666625977,0.4629740101581304,0.4629740101581304,0.5813814997673035,0.9156824554393092
750,30000,0,5,0.4219137728214264,0.5366648159454525,0.5366648159454525,1.271977424621582,0.9156824554393092
750,30000,1,0,0.7066443562507629,1.2113085488412518,-1.2113085488412518,1.714169979095459,0.9156824554393092
750,30000,1,1,0.8403452038764954,0.5866423986993342,0.5866423986993342,0.6980968117713928,0.9156824554393092
750,30000,1,2,0.7287662029266357,2.465717574353096,2.465717574353096,3.3834140300750732,0.9156824554393092
750,30000,1,3,0.79430091381073,1.5730589767999337,-1.5730589767999337,1.9804320335388184,0.9156824554393092
750,30000,1,4,0.7967960238456726,1.5229333191866137,-1.5229333191866137,1.9113212823867798,0.9156824554393092
750,30000,1,5,0.8988233208656311,0.49918079922665565,-0.49918079922665565,0.5553714632987976,0.9156824554393092
750,30000,2,0,0.7056180238723755,0.6275272193780987,0.6275272193780987,0.8893298506736755,0.9156824554393092
750,30000,2,1,0.7987381815910339,1.1262526167401357,-1.1262526167401357,1.4100397825241089,0.9156824554393092
750,30000,2,2,0.8822821378707886,1.0171052858603102,1.0171052858603102,1.1528117656707764,0.9156824554393092
750,30000,2,3,0.7625626921653748,0.8756194195786721,-0.8756194195786721,1.148258924484253,0.9156824554393092
750,30000,2,4,0.6024167537689209,0.38397185318093857,-0.38397185318093857,0.6373856067657471,0.9156824554393092
750,30000,2,5,0.7626904249191284,0.8082198865071923,0.8082198865071923,1.0596957206726074,0.9156824554393092
750,30000,3,0,0.7868466377258301,0.5454985793842064,-0.5454985793842064,0.6932717561721802,0.9156824554393092
750,30000,3,1,0.7016185522079468,0.3920733853852417,0.3920733853852417,0.5588127970695496,0.9156824554393092
750,30000,3,2,0.5951942205429077,0.6164310688351547,0.6164310688351547,1.0356805324554443,0.9156824554393092
750,30000,3,3,0.9651398062705994,1.0945100022634662,1.0945100022634662,1.1340429782867432,0.9156824554393092
750,30000,3,4,0.6560753583908081,1.1843465044416996,1.1843465044416996,1.8051987886428833,0.9156824554393092
750,30000,3,5,0.5304709672927856,0.3075757247433828,-0.3075757247433828,0.5798161625862122,0.9156824554393092
750,30000,4,0,0.9284902215003967,0.5370032920989871,0.5370032920989871,0.5783618092536926,0.9156824554393092
750,30000,4,1,0.6832023859024048,0.4282910930135992,0.4282910930135992,0.6268875598907471,0.9156824554393092
750,30000,4,2,0.6218242645263672,0.7350898175459338,0.7350898175459338,1.1821503639221191,0.9156824554393092
750,30000,4,3,0.7690390944480896,0.5132901725223556,0.5132901725223556,0.667443573474884,0.9156824554393092
750,30000,4,4,0.6195447444915771,0.2628408981444544,0.2628408981444544,0.42424845695495605,0.9156824554393092
750,30000,4,5,0.808398425579071,1.3705433008227763,1.3705433008227763,1.6953809261322021,0.9156824554393092
750,30000,5,0,0.8282057046890259,1.1827582068937892,-1.1827582068937892,1.4280972480773926,0.9156824554393092
750,30000,5,1,0.6486821174621582,0.508604134689894,-0.508604134689894,0.7840575575828552,0.9156824554393092
750,30000,5,2,0.8129700422286987,0.4114814755464483,0.4114814755464483,0.5061458945274353,0.9156824554393092
750,30000,5,3,0.8277469873428345,0.8505443746874793,-0.8505443746874793,1.0275415182113647,0.9156824554393092
750,30000,5,4,0.7691892385482788,0.3779219998294697,0.3779219998294697,0.49132513999938965,0.9156824554393092
750,30000,5,5,0.7876604795455933,0.8880985856117969,-0.8880985856117969,1.1275144815444946,0.9156824554393092
800,32000,0,0,0.7449092864990234,1.5391992781155384,-1.5391992781155384,2.066290855407715,0.9078001614568977
800,32000,0,1,0.8431587219238281,0.7704845472938472,-0.7704845472938472,0.9138073325157166,0.9078001614568977
800,32000,0,2,0.750065803527832,1.6799374612247828,1.6799374612247828,2.239720106124878,0.9078001614568977
800,32000,0,3,0.7635365128517151,1.2628854098877793,1.2628854098877793,1.6539946794509888,0.9078001614568977
800,32000,0,4,0.7952793836593628,0.4664147548484873,0.4664147548484873,0.586479127407074,0.9078001614568977
800,32000,0,5,0.37296998500823975,0.7057838812660143,-0.7057838812660143,1.8923343420028687,0.9078001614568977
800,32000,1,0,0.7588300704956055,1.6246544515990593,-1.6246544515990593,2.1409990787506104,0.9078001614568977
800,32000,1,1,0.787483811378479,0.7170312613067064,0.7170312613067064,0.9105346202850342,0.9078001614568977
800,32000,1,2,0.7493783235549927,2.254160647661203,-2.254160647661203,3.0080406665802,0.9078001614568977
800,32000,1,3,0.8015579581260681,1.6467698692638404,-1.6467698692638404,2.0544612407684326,0.9078001614568977
800,32000,1,4,0.8052156567573547,1.9619505553577143,-1.9619505553577143,2.4365530014038086,0.9078001614568977
800,32000,1,5,0.9284927845001221,0.6263975578847573,-0.6263975578847573,0.674639105796814,0.9078001614568977
800,32000,2,0,0.711513876914978,0.8099631718509371,0.8099631718509371,1.1383659839630127,0.9078001614568977
800,32000,2,1,0.7892493009567261,0.6422908267903784,-0.6422908267903784,0.8137996792793274,0.9078001614568977
800,32000,2,2,0.895340621471405,1.6417218041644674,1.6417218041644674,1.8336281776428223,0.9078001614568977
800,32000,2,3,0.758685290813446,0.8689211387576499,0.8689211387576499,1.1452984809875488,0.9078001614568977
800,32000,2,4,0.6158503293991089,0.48379539556711415,0.48379539556711415,0.7855730056762695,0.9078001614568977
800,32000,2,5,0.7991369366645813,0.9334835375923739,0.9334835375923739,1.1681145429611206,0.9078001614568977
800,32000,3,0,0.7689895033836365,0.5791336110769588,-0.5791336110769588,0.7531099319458008,0.9078001614568977
800,32000,3,1,0.7115975618362427,0.4832636303262606,0.4832636303262606,0.6791248917579651,0.9078001614568977
800,32000,3,2,0.5861559510231018,0.6070896853448443,-0.6070896853448443,1.03571355342865,0.9078001614568977
800,32000,3,3,0.9570155143737793,1.2294949153666823,1.2294949153666823,1.2847179174423218,0.9078001614568977
800,32000,3,4,0.6572593450546265,1.3402747393816283,1.3402747393816283,2.03918719291687,0.9078001614568977
800,32000,3,5,0.5380154848098755,0.5200012910548565,0.5200012910548565,0.9665173888206482,0.9078001614568977
800,32000,4,0,0.9183937311172485,0.6136760686665254,0.6136760686665254,0.6682058572769165,0.9078001614568977
800,32000,4,1,0.6380555629730225,0.45062256527330347,0.45062256527330347,0.7062434554100037,0.9078001614568977
800,32000,4,2,0.6149516701698303,0.6899277677958654,0.6899277677958654,1.1219218969345093,0.9078001614568977
800,32000,4,3,0.7349514961242676,0.5638827740308591,0.5638827740308591,0.7672380208969116,0.9078001614568977
800,32000,4,4,0.6181743144989014,0.2888086294185531,0.2888086294185531,0.46719610691070557,0.9078001614568977
800,32000,4,5,0.8062544465065002,1.768911724435727,1.768911724435727,2.193986654281616,0.9078001614568977
800,32000,5,0,0.840989351272583,1.0380253013992216,1.0380253013992216,1.2342907190322876,0.9078001614568977
800,32000,5,1,0.7159883975982666,0.6738851631198395,-0.6738851631198395,0.9411954879760742,0.9078001614568977
800,32000,5,2,0.7868325114250183,0.4631943722385517,0.4631943722385517,0.5886822938919067,0.9078001614568977
800,32000,5,3,0.8099097609519958,1.023296295733426,-1.023296295733426,1.2634694576263428,0.9078001614568977
800,32000,5,4,0.7499057650566101,0.3920680418142272,0.3920680418142272,0.5228231549263,0.9078001614568977
800,32000,5,5,0.8105749487876892,1.049177903912898,-1.049177903912898,1.2943626642227173,0.9078001614568977
900,36000,0,0,0.7309306859970093,4.793237279531982,-4.793237279531982,6.557717800140381,0.8900372848238982
900,36000,0,1,0.8380289077758789,0.902054274715053,-0.902054274715053,1.076399803161621,0.8900372848238982
900,36000,0,2,0.7089860439300537,2.2760239076423376,2.2760239076423376,3.210251569747925,0.8900372848238982
900,36000,0,3,0.7428285479545593,1.686189843300518,1.686189843300518,2.269958257675171,0.8900372848238982
900,36000,0,4,0.7468619346618652,0.63794930740873,0.63794930740873,0.8541730046272278,0.8900372848238982
900,36000,0,5,0.29063981771469116,0.8365394227908388,-0.8365394227908388,2.8782684803009033,0.8900372848238982
900,36000,1,0,0.7958406805992126,2.736463452673755,-2.736463452673755,3.4384562969207764,0.8900372848238982
900,36000,1,1,0.7888920903205872,1.2913065121261265,1.2913065121261265,1.6368608474731445,0.8900372848238982
900,36000,1,2,0.7867749333381653,10.032273108754351,-10.032273108754351,12.75113296508789,0.8900372848238982
900,36000,1,3,0.7916280031204224,1.6809813423099622,-1.6809813423099622,2.123448371887207,0.8900372848238982
900,36000,1,4,0.8054269552230835,2.8299057651590713,-2.8299057651590713,3.513547658920288,0.8900372848238982
900,36000,1,5,0.9543766975402832,0.9628767071650619,-0.9628767071650619,1.008906364440918,0.8900372848238982
900,36000,2,0,0.74483323097229,1.1775102232794443,1.1775102232794443,1.5809046030044556,0.8900372848238982
900,36000,2,1,0.7550910711288452,1.2675308054996886,-1.2675308054996886,1.6786460876464844,0.8900372848238982
900,36000,2,2,0.8212834000587463,3.359289611505195,3.359289611505195,4.090292453765869,0.8900372848238982
900,36000,2,3,0.7440229058265686,1.3085578551950992,-1.3085578551950992,1.7587599754333496,0.8900372848238982
900,36000,2,4,0.6002405881881714,0.6569344357999314,0.6569344357999314,1.0944517850875854,0.8900372848238982
900,36000,2,5,0.8524686098098755,1.2650589542306767,1.2650589542306767,1.483994722366333,0.8900372848238982
900,36000,3,0,0.7446473836898804,1.082366061139062,1.082366061139062,1.4535284042358398,0.8900372848238982
900,36000,3,1,0.7440209984779358,0.5363294488177629,0.5363294488177629,0.7208524942398071,0.8900372848238982
900,36000,3,2,0.6484851241111755,0.947156519745403,-0.947156519745403,1.4605679512023926,0.8900372848238982
900,36000,3,3,0.9345041513442993,1.4938095695500446,1.4938095695500446,1.5985050201416016,0.8900372848238982
900,36000,3,4,0.6651775240898132,0.7777129825082625,-0.7777129825082625,1.1691811084747314,0.8900372848238982
900,36000,3,5,0.6546047925949097,0.9244749973667179,-0.9244749973667179,1.412264347076416,0.8900372848238982
900,36000,4,0,0.8405678272247314,0.9956743285647376,-0.9956743285647376,1.184525728225708,0.8900372848238982
900,36000,4,1,0.7175803184509277,0.6121590447599858,-0.6121590447599858,0.853087842464447,0.8900372848238982
900,36000,4,2,0.6090074181556702,0.9745443865334514,0.9745443865334514,1.600217580795288,0.8900372848238982
900,36000,4,3,0.6772257685661316,0.6617654530081136,0.6617654530081136,0.9771711230278015,0.8900372848238982
900,36000,4,4,0.5957309603691101,0.38801932867684225,0.38801932867684225,0.6513331532478333,0.8900372848238982
900,36000,4,5,0.8132514953613281,0.840843346841939,-0.840843346841939,1.0339277982711792,0.8900372848238982
900,36000,5,0,0.8561123013496399,1.1361562216555274,1.1361562216555274,1.3271111249923706,0.8900372848238982
900,36000,5,1,0.7918108701705933,1.1625341678875447,-1.1625341678875447,1.4681968688964844,0.8900372848238982
900,36000,5,2,0.728920578956604,0.5364129394661729,0.5364129394661729,0.7359004020690918,0.8900372848238982
900,36000,5,3,0.7975069880485535,1.4187558312521535,1.4187558312521535,1.7789885997772217,0.8900372848238982
900,36000,5,4,0.6761663556098938,0.44717651501820693,0.44717651501820693,0.6613410115242004,0.8900372848238982
900,36000,5,5,0.8207855820655823,1.317520853997093,-1.317520853997093,1.6051949262619019,0.8900372848238982
1000,40000,0,0,0.7359508275985718,9.539521179982803,-9.539521179982803,12.96217155456543,0.8707198234684846
1000,40000,0,1,0.813636302947998,1.1349823378881345,-1.1349823378881345,1.39495050907135,0.8707198234684846
1000,40000,0,2,0.6906986832618713,3.9476490872561696,-3.9476490872561696,5.715442657470703,0.8707198234684846
1000,40000,0,3,0.7214442491531372,2.0462991457236694,2.0462991457236694,2.836392879486084,0.8707198234684846
1000,40000,0,4,0.691868782043457,0.9635930274508887,0.9635930274508887,1.3927395343780518,0.8707198234684846
1000,40000,0,5,0.2760188579559326,1.1277925891986622,-1.1277925891986622,4.085925579071045,0.8707198234684846
1000,40000,1,0,0.8028045892715454,4.0162399781623765,-4.0162399781623765,5.002760887145996,0.8707198234684846
1000,40000,1,1,0.7987837791442871,2.832910720726791,-2.832910720726791,3.546529769897461,0.8707198234684846
1000,40000,1,2,0.8105965256690979,15.249434032133019,-15.249434032133019,18.812606811523438,0.8707198234684846
1000,40000,1,3,0.7412934303283691,1.4385171294283063,1.4385171294283063,1.9405500888824463,0.8707198234684846
1000,40000,1,4,0.8133636116981506,3.6428529673295587,-3.6428529673295587,4.478751182556152,0.8707198234684846
1000,40000,1,5,0.975788950920105,1.347824408513567,-1.347824408513567,1.3812662363052368,0.8707198234684846
1000,40000,2,0,0.7693339586257935,1.754902958737075,1.754902958737075,2.2810678482055664,0.8707198234684846
1000,40000,2,1,0.7341539859771729,1.9861549378842172,-1.9861549378842172,2.7053656578063965,0.8707198234684846
1000,40000,2,2,0.783687949180603,5.1621718435776565,5.1621718435776565,6.587024688720703,0.8707198234684846
1000,40000,2,3,0.7258754372596741,0.8271469524637084,-0.8271469524637084,1.1395163536071777,0.8707198234684846
1000,40000,2,4,0.5608495473861694,0.8611411910522478,0.8611411910522478,1.5354228019714355,0.8707198234684846
1000,40000,2,5,0.8718600869178772,1.6468900962606703,1.6468900962606703,1.8889386653900146,0.8707198234684846
1000,40000,3,0,0.8188366889953613,1.2558970490867751,1.2558970490867751,1.5337576866149902,0.8707198234684846
1000,40000,3,1,0.7783734798431396,0.7353860864335305,0.7353860864335305,0.9447727203369141,0.8707198234684846
1000,40000,3,2,0.6861859560012817,1.2996534910469504,-1.2996534910469504,1.8940250873565674,0.8707198234684846
1000,40000,3,3,0.8969398736953735,1.6923850378979222,1.6923850378979222,1.8868433237075806,0.8707198234684846
1000,40000,3,4,0.6533678770065308,0.7668903841730375,-0.7668903841730375,1.1737498044967651,0.8707198234684846
1000,40000,3,5,0.7077756524085999,1.359060159853709,-1.359060159853709,1.920184850692749,0.8707198234684846
1000,40000,4,0,0.8120627999305725,1.181279958074176,-1.181279958074176,1.4546657800674438,0.8707198234684846
1000,40000,4,1,0.7383716106414795,0.9108703299441416,-0.9108703299441416,1.233620524406433,0.8707198234684846
1000,40000,4,2,0.6242552399635315,1.1835788328660724,1.1835788328660724,1.8959853649139404,0.8707198234684846
1000,40000,4,3,0.616286039352417,0.6581516827507063,-0.6581516827507063,1.0679322481155396,0.8707198234684846
1000,40000,4,4,0.6063501238822937,0.5256717705709392,0.5256717705709392,0.8669441938400269,0.8707198234684846
1000,40000,4,5,0.8108090162277222,1.1608206282956355,-1.1608206282956355,1.4316819906234741,0.8707198234684846
1000,40000,5,0,0.8417162299156189,1.0883186294493565,1.0883186294493565,1.292975664138794,0.8707198234684846
1000,40000,5,1,0.8281599283218384,1.806093378781522,-1.806093378781522,2.1808507442474365,0.8707198234684846
1000,40000,5,2,0.6803889870643616,0.8324749669176958,-0.8324749669176958,1.2235280275344849,0.8707198234684846
1000,40000,5,3,0.8130095601081848,1.7903245826668621,1.7903245826668621,2.2020955085754395,0.8707198234684846
1000,40000,5,4,0.6046643853187561,0.4895181991727234,0.4895181991727234,0.8095700740814209,0.8707198234684846
1000,40000,5,5,0.8151684999465942,1.5376750412852402,-1.5376750412852402,1.8863277435302734,0.8707198234684846
2000,80000,0,0,0.7452254891395569,39.86916465949583,-39.86916465949583,53.49946975708008,0.7189843367730423
2000,80000,0,1,0.7742918133735657,3.393245880750093,3.393245880750093,4.382386207580566,0.7189843367730423
2000,80000,0,2,0.6882098317146301,6.494930742821523,-6.494930742821523,9.437429428100586,0.7189843367730423
2000,80000,0,3,0.6909439563751221,2.3121665257591766,-2.3121665257591766,3.346388101577759,0.7189843367730423
2000,80000,0,4,0.627830982208252,2.825791086717149,-2.825791086717149,4.500878810882568,0.7189843367730423
2000,80000,0,5,0.5140188336372375,7.216047400435421,-7.216047400435421,14.038487434387207,0.7189843367730423
2000,80000,1,0,0.8225972056388855,12.541041981499282,-12.541041981499282,15.24566650390625,0.7189843367730423
2000,80000,1,1,0.7487924695014954,8.990800559644498,8.990800559644498,12.007065773010254,0.7189843367730423
2000,80000,1,2,0.8324189186096191,30.702520182599194,30.702520182599194,36.88349914550781,0.7189843367730423
2000,80000,1,3,0.6791656017303467,3.9156436839886646,3.9156436839886646,5.765374183654785,0.7189843367730423
2000,80000,1,4,0.9146792888641357,7.737315714398347,-7.737315714398347,8.459047317504883,0.7189843367730423
2000,80000,1,5,0.877570390701294,3.8368900470945486,-3.8368900470945486,4.372173309326172,0.7189843367730423
2000,80000,2,0,0.7068816423416138,7.4606129887136285,-7.4606129887136285,10.55426025390625,0.7189843367730423
2000,80000,2,1,0.7155531048774719,9.808071805232078,-9.808071805232078,13.706978797912598,0.7189843367730423
2000,80000,2,2,0.7129069566726685,10.671495023009392,10.671495023009392,14.968987464904785,0.7189843367730423
2000,80000,2,3,0.7627967596054077,4.953000524570616,4.953000524570616,6.4932122230529785,0.7189843367730423
2000,80000,2,4,0.7664570808410645,2.860012313276761,2.860012313276761,3.7314705848693848,0.7189843367730423
2000,80000,2,5,0.7995163798332214,4.290152674076272,4.290152674076272,5.365934371948242,0.7189843367730423
2000,80000,3,0,0.7013736963272095,2.4881433241025688,2.4881433241025688,3.5475287437438965,0.7189843367730423
2000,80000,3,1,0.7478660345077515,4.14411340628518,-4.14411340628518,5.541251182556152,0.7189843367730423
2000,80000,3,2,0.8184330463409424,2.5076843126400266,-2.5076843126400266,3.064006805419922,0.7189843367730423
2000,80000,3,3,0.8507004380226135,3.552624388675682,-3.552624388675682,4.176116943359375,0.7189843367730423
2000,80000,3,4,0.6924970149993896,3.3648940517938137,-3.3648940517938137,4.859074115753174,0.7189843367730423
2000,80000,3,5,0.7746386528015137,2.989022390971295,2.989022390971295,3.858602285385132,0.7189843367730423
2000,80000,4,0,0.7882524728775024,3.6376651968193245,-3.6376651968193245,4.6148481369018555,0.7189843367730423
2000,80000,4,1,0.7513127326965332,3.0913850215403613,-3.0913850215403613,4.114645004272461,0.7189843367730423
2000,80000,4,2,0.7653710842132568,4.042123718026271,4.042123718026271,5.281259536743164,0.7189843367730423
2000,80000,4,3,0.6703001856803894,1.9070643553938265,-1.9070643553938265,2.845089912414551,0.7189843367730423
2000,80000,4,4,0.7397264242172241,2.0016651339843006,2.0016651339843006,2.7059531211853027,0.7189843367730423
2000,80000,4,5,0.7502129077911377,2.3813464956593973,-2.3813464956593973,3.174227476119995,0.7189843367730423
2000,80000,5,0,0.7498254179954529,4.1021840140436385,-4.1021840140436385,5.470852375030518,0.7189843367730423
2000,80000,5,1,0.9237911105155945,7.242105217153514,-7.242105217153514,7.839548110961914,0.7189843367730423
2000,80000,5,2,0.80288165807724,2.8673323940662145,-2.8673323940662145,3.5713014602661133,0.7189843367730423
2000,80000,5,3,0.952503502368927,4.442280829763267,-4.442280829763267,4.66379451751709,0.7189843367730423
2000,80000,5,4,0.8338364362716675,2.158556662471388,-2.158556662471388,2.588705062866211,0.7189843367730423
2000,80000,5,5,0.750557541847229,1.5585920630328107,1.5585920630328107,2.0765788555145264,0.7189843367730423
4000,160000,0,0,0.7329463362693787,47.690563444416256,47.690563444416256,65.06692504882812,0.6053213452996075
4000,160000,0,1,0.7048244476318359,15.886445434351375,15.886445434351375,22.539581298828125,0.6053213452996075
4000,160000,0,2,0.7772918343544006,11.017123686158278,-11.017123686158278,14.173727035522461,0.6053213452996075
4000,160000,0,3,0.5901156663894653,13.407169779915362,-13.407169779915362,22.719560623168945,0.6053213452996075
4000,160000,0,4,0.5815086364746094,23.086285627603992,-23.086285627603992,39.700679779052734,0.6053213452996075
4000,160000,0,5,0.5898529887199402,22.441150286708528,-22.441150286708528,38.04533004760742,0.6053213452996075
4000,160000,1,0,0.7860408425331116,22.97993911828702,22.97993911828702,29.235042572021484,0.6053213452996075
4000,160000,1,1,0.7132685780525208,14.193138545789655,14.193138545789655,19.89872932434082,0.6053213452996075
4000,160000,1,2,0.7909716367721558,25.508559657932942,-25.508559657932942,32.2496452331543,0.6053213452996075
4000,160000,1,3,0.7328643202781677,22.40749325744044,22.40749325744044,30.575227737426758,0.6053213452996075
4000,160000,1,4,0.7459462285041809,7.44520856794514,-7.44520856794514,9.980892181396484,0.6053213452996075
4000,160000,1,5,0.7454238533973694,11.99734340825931,-11.99734340825931,16.09465980529785,0.6053213452996075
4000,160000,2,0,0.6959286332130432,11.378850944239652,-11.378850944239652,16.350601196289062,0.6053213452996075
4000,160000,2,1,0.755731463432312,15.131157499886578,15.131157499886578,20.02187156677246,0.6053213452996075
4000,160000,2,2,0.6703956127166748,10.478251551039374,10.478251551039374,15.629953384399414,0.6053213452996075
4000,160000,2,3,0.8311104774475098,7.282411204656241,-7.282411204656241,8.762266159057617,0.6053213452996075
4000,160000,2,4,0.7489558458328247,5.221295688497174,-5.221295688497174,6.971434116363525,0.6053213452996075
4000,160000,2,5,0.7807519435882568,7.69556742047255,-7.69556742047255,9.856610298156738,0.6053213452996075
4000,160000,3,0,0.5824493169784546,4.358543056691996,4.358543056691996,7.483129501342773,0.6053213452996075
4000,160000,3,1,0.8429672122001648,8.57406485575719,-8.57406485575719,10.171290397644043,0.6053213452996075
4000,160000,3,2,0.6728343367576599,3.7295756483549254,-3.7295756483549254,5.543081760406494,0.6053213452996075
4000,160000,3,3,0.8137395977973938,3.0417012281968536,3.0417012281968536,3.737929105758667,0.6053213452996075
4000,160000,3,4,0.7349069118499756,6.996311661757561,-6.996311661757561,9.519997596740723,0.6053213452996075
4000,160000,3,5,0.7677650451660156,4.395897540858137,4.395897540858137,5.725577354431152,0.6053213452996075
4000,160000,4,0,0.7193318605422974,3.7168149432507738,-3.7168149432507738,5.167037487030029,0.6053213452996075
4000,160000,4,1,0.7692602872848511,5.388082059738593,5.388082059738593,7.004238605499268,0.6053213452996075
4000,160000,4,2,0.8020675182342529,4.960291774777156,4.960291774777156,6.184381484985352,0.6053213452996075
4000,160000,4,3,0.7875031232833862,5.489583153133911,-5.489583153133911,6.970871448516846,0.6053213452996075
4000,160000,4,4,0.7780093550682068,3.292479304424849,-3.292479304424849,4.231926918029785,0.6053213452996075
4000,160000,4,5,0.807213306427002,4.924150391522139,4.924150391522139,6.100184917449951,0.6053213452996075
4000,160000,5,0,0.7277470231056213,3.632849544868896,-3.632849544868896,4.991912364959717,0.6053213452996075
4000,160000,5,1,0.8814517259597778,7.426569838150549,7.426569838150549,8.425384521484375,0.6053213452996075
4000,160000,5,2,0.7515370845794678,2.363196156771132,2.363196156771132,3.1444835662841797,0.6053213452996075
4000,160000,5,3,0.9405137300491333,6.44520054417206,-6.44520054417206,6.852850914001465,0.6053213452996075
4000,160000,5,4,0.8945378065109253,5.16999792180084,-5.16999792180084,5.7795186042785645,0.6053213452996075
4000,160000,5,5,0.6807804107666016,3.1987709302490983,3.1987709302490983,4.6986823081970215,0.6053213452996075
